{
  "project_info": {
    "project_number": "297718011993",
    "firebase_url": "https://codingtalkrc.firebaseio.com",
    "project_id": "codingtalkrc",
    "storage_bucket": "codingtalkrc.appspot.com"
  },
  "client": [
    {
      "client_info": {
        "mobilesdk_app_id": "1:297718011993:android:2b3685a1f6154871",
        "android_client_info": {
          "package_name": "coding.fdemo"
        }
      },
      "oauth_client": [
        {
          "client_id": "297718011993-gsfo6mudgna95viso1pta1e8q16d4fo4.apps.googleusercontent.com",
          "client_type": 3
        }
      ],
      "api_key": [
        {
          "current_key": "AIzaSyBzSY-SXuZ52uOOy59-tXESQOaTSNDMqQg"
        }
      ],
      "services": {
        "analytics_service": {
          "status": 1
        },
        "appinvite_service": {
          "status": 1,
          "other_platform_oauth_client": []
        },
        "ads_service": {
          "status": 2
        }
      }
    }
  ],
  "configuration_version": "1"
}